script,
Ğ°Ğ±Ğ°Ğ·Ğ° Ğ±Ñ‹Ğ·ÑˆĞ²Ğ° (abaza bÉ™zÅ¡Ëša),
AlnÃ´ba,
Ğ°Ò§ÑÑƒĞ° Ğ±Ñ‹Ğ·ÑˆÓ™Ğ° (aá¹—sua byzÅ¡Ëša),
Abui tanga,
Ngachang,
Bahsa AcÃ¨h;Ø¨Ù‡Ø³Ø§ Ø§Ú†ÙŠÙ‡,
Acheron,
Lwo,
AchuÃ¡r chÃ­cham;Shiwiar,
Fulfulde,
Ğ°Ğ´Ñ‹Ğ³ÑĞ±Ğ·Ñ (adÉ™gÄƒbzÄƒ),
Adzera,
Afaan Oromo;Oromiffa;áŠ¦áˆ®áˆáŠ›,
Ê¿AfÃ¡r af,
Afrikaans,
Ğ°Ğ³ÑŠÑƒĞ» Ñ‡Ó€Ğ°Ğ» (AÄŸul Ã§'al),
Qa'yol,
AwajÃºn,
Ahom,
ã‚¢ã‚¤ãƒŒ ã‚¤ã‚¿ã‚¯ / Aynu itak,
WaawilÃ»Ã»,
akan,
ĞÑˆĞ²aĞ»ÑŠĞ¸ Ğ¼Ğ¸Ñ†IĞ¸ (AÅ¡val'i mic'i),
ğ’€ğ’…—ğ’ºğ’Œ‘ (AkkadÃ»),
Inakeanon / Binisaya,
AkuriyÃ³,
Albaamo innaaÉ¬iilka,
shqip;gjuha shqipe,
Unangam tunuu,
AnicinÃ¢bemowin,
Ã‹lsÃ¤ssisch,
ĞĞ»Ñ‚Ğ°Ğ¹ Ñ‚Ğ¸Ğ»Ğ¸ (Altay tili),
Lur,
Amahuaca,
Amarakaeri,
Amarasi,
Sona,
áŠ£áˆ›áˆ­áŠ›Â (amarÉ™Ã±Ã±a),
Pangcah,
Ğ¼Ğ¸Ñ†Ñ†Ğ¸ (Micci),
Andoa,
Angami,
Anuki,
Te Taranga Pakaanuta,
NdÃ©Ã©,
Apma,
Tapweyokwaka,
Ø¯Ø²ÙŠØ±ÙŠ / Ø¬Ø²Ø§Ø¦Ø±ÙŠ;(dziri / jza'iri),
Î£Î¬Î½Î½Î± / SÃ¡nna,
Ø§Ù„Ù„ØºØ© Ø§Ù„Ù…ØµØ±ÙŠØ© Ø§Ù„Ø¹Ø§Ù…ÙŠØ©;[elËˆloÉ£Ã¦ l.mÉ‘sË¤ËˆÉ¾ejjÉ‘ l.Ê•Ã¦mËˆmejjÃ¦];-Â Egyptian colloquial language;Ø§Ù„Ù„Ù‡Ø¬Ø© Ø§Ù„Ù…ØµØ±ÙŠØ©;Egyptian dialectÂ - [elËˆlÃ¦hÉ¡Ã¦ l.mÉ‘sË¤ËˆÉ¾ejjÉ‘];Ù…ØµØ±ÙŠ;EgyptianÂ - [ËˆmÉ‘sË¤É¾i];Ø§Ù„Ù„ØºØ© Ø§Ù„Ù…ØµØ±ÙŠØ© Ø§Ù„Ø­Ø¯ÙŠØ«Ø©;[elËˆloÉ£Ã¦ l.mÉ‘sË¤ËˆÉ¾ejjÉ‘ l.Ä§Ã¦ËˆdiËsÃ¦];-Â Modern Egyptian Language,
Ø§Ù„Ù„Ø¨Ù†Ø§Ù†ÙŠØ©;(el libnÃ©nÃ¯et),
Ø§Ù„Ù„ØºØ© Ø§Ù„Ø¹Ø±Ø¨ÙŠØ© Ø§Ù„ÙØµØ­Ù‰;(al-lughah al-Ê»ArabÄ«yah al-fuá¹£á¸¥Ã¡),
Ø§Ù„Ø¯Ø§Ø±Ø¬Ø©;(eddarija),
Ø§Ù„Ù„Ù‡Ø¬Ø© Ø§Ù„Ø¹Ø±Ø¨ÙŠÙ‘Ø© Ø§Ù„Ø³ÙˆØ±Ù‰Ù‘Ø©;(el-lahjeáº— el-â€›arabÄ«yeáº— es-sÅ«rÄ«yÃ©),
Tounsi /Â ØªÙˆÙ†Ø³ÙŠ,
AragonÃ©s,
á€›á€á€­á€¯á€„á€ºá€˜á€¬á€á€¬,
Araki,
×œ×©× × ××¨××™×;(LÉ™Å¡ÄnÄ â€™AramÄyÄâ€™),
Ü Ü«Ü¢Ü Ü¤Ü˜ÜªÜÜÜ;(leÅ¡ÄnÄ surjÄjÄ),
ÜÜ¬Ü˜ÜªÜÜ;(ÄtÃ»rÄyÃ¢);Ü£Ü˜ÜªÜ¬;(sÃ»ret),
AranÃ©s,
Hinono'eitiit,
Lokono,
ArbÃ«risht,
ĞÑ€ÑˆĞ°Ñ‚Ñ‚ĞµĞ½ Ñ‡Ó€Ğ°Ñ‚ (apÅ¡atten Äâ€™at),
á‹“áˆ­áŒá‰£ (Ã„ynÅ«);áŠ á‹“áˆ­áŒá‰£ áŠ£á,
Mukawa,
á‹“áˆ­áŒá‰£,
SÃ¡hniÅ¡,
Mukawa,
Õ€Õ¡ÕµÕ¥Ö€Õ§Õ¶Â (Hayeren)Â ;Õ€Õ¡ÕµÕ¥Ö€Õ¥Õ¶ Õ¬Õ¥Õ¦Õ¸Ö‚ (Hayeren lezou),
ArmÃ¢neaÅŸti,
Arrernte angkentye,
Î±ÏbÎµÌ°ÏÎ¯ÏƒÌˆÏ„ (arbÃ«risht),
AshÃ¡ninka,
AshÃ©ninka,
à¦…à¦¸à¦®à§€à¦¯à¦¼à¦¾ (Ã”xÃ´miya),
Nakoda,
ÜÜµÜ¬İ‚Ü˜Ü¼ÜªÜµÜÜ²Ü Ü Ü¸Ü«ÜµÜ¢ÜµÜ;(LiÅ¡ÄnÄ Ä€shÃ»rÄya),
Asturianu,
Atayal,
Atikamekw,
Kurada,
Ğ¼Ğ°Ğ³IĞ°Ñ€ÑƒĞ» Ğ¼Ğ°Ñ†I (ma'arul mats);Ğ°Ğ²Ğ°Ñ€ Ğ¼Ğ°Ñ†Ó€ (avar maÄ‹),
(din dabireh)Â ğ¬›ğ¬ğ¬¥ ğ¬›ğ¬€ğ¬ ğ¬Œğ¬«ğ¬­ğ¬µ,
Avokaya,
à¤…à¤µà¤§à¥€,
Awara,
Mbwe'wi,
áŠ á‹áŒš,
aymar aru,
(Ã¤ynu)Â Ø¦Ù‡ï»³Ù†ÙˆÙ,
AzÉ™rbaycan dili;ĞĞ·Ó™Ñ€Ğ±Ğ°Ñ˜Ò¹Ğ°Ğ½ Ğ´Ğ¸Ğ»Ğ¸;Ø¢Ø°Ø±Ø¨Ø§ÙŠØ¬Ø§Ù†Ø¬Ø§ Ø¯ÙŠÙ„ÙŠ,
Babine-Witsuwit'en,
à®ªà®Ÿà®•à®¾ / à²¬à²¡à²— (badaga),
Bagatha,
ĞºÑŠIaĞ²Ğ°Ğ½Ğ½Ğ°Ğ± Ğ¼Ğ¸Ñ†Ñ†Ğ¸ (q'avannab micci),
Baipâ€§ngvpâ€§zix,
Baipâ€§ngvpâ€§zix,
Basa Bali,
Ğ¼Ğ°Ğ»ĞºÑŠĞ°Ñ€/Ğ±Ğ°Ğ»ĞºÑŠĞ°Ñ€ (malqar/balqar);ĞºÑŠĞ°Ñ€Ğ°Ñ‡Ğ°Ğ¹-Ğ¼Ğ°Ğ»ĞºÑŠĞ°Ñ€ Ñ‚Ğ¸Ğ» (karaÄay-malqar til),
à½¦à¾¦à½£à¼‹à½ à½à½´à½¦à¼‹ /Â Ø¨Ù„ØªÛŒ,
(baluchi)Â Ø¨Ù„ÙˆÚ†ÛŒ,
Bamanankan,
ShÃ¼pamom,
Tapuya,
Bantawa,
Barai,
Karo, Kutuk,
Bartangi ziv,
Ğ±Ğ°ÑˆÒ¡Ğ¾Ñ€Ñ‚ Ñ‚ĞµĞ»Ğµ (baÅ¡á¸µort tele),
euskara,
É“asaÃ¡,
Pakpak,
Cakap Karo,
Saro Mandailing,
Sahap Simalungun,
Batak Toba,
áƒ‘áƒáƒ±áƒ‘áƒáƒ¼áƒ›áƒáƒ¢î¾´ (bahbÃ£motâ€™),
Bairisch,
Donaubairisch,
OberpfÃ¤lzisch,
Alpenbairisch,
á‘•á“€á–š / Dane-zaa ZÃ¡Ã¡gÃ©Ê”,
BadÄwÄ«yÃ¤;Ø¨Ø¯Ø§ÙˆÙŠØ©,
Ğ‘ĞµĞ»Ğ°Ñ€ÑƒÑĞºĞ°Ñ Ğ¼Ğ¾Ğ²Ğ°Â (Bielaruskaja mova),
BÃ«lÃ¯,
iciBemba;ciBemba;ichiBemba;chiBemba,
bÃ¨ntÊ‚ nÃ²n,
à¦¬à¦¾à¦‚à¦²à¦¾ (baÉ›á¹…lÄ),
Ğ±ĞµĞ¶ĞºÑŒĞ°Ğ»Ğ°Ñ Ğ¼Ğ¸Ñ†,
à¤­à¥‹à¤œà¤ªà¥à¤°à¥€ (bÊ°ojpurÄ«),
Biete,
Bikol/Bicol,
TanÃªksÄ…yaa ade,
Nggahi Mbojo,
Bislama,
Bisu,
á‘¯á–¾á–¹ (Pikuni);á–¿áŸá–»áŸ (Kainai);á“±á–½á§á–¿Â (Siksika),
Blagar,
á‰¥áˆŠáŠ• (bi.li.nÉ™),
à¤¬à¤¡à¤¼à¥‹ (boá¹›o),
Bokar,
Binu-Bolinao,
Bongo,
Bora,
bosanski / Ğ±Ğ¾ÑĞ°Ğ½ÑĞºĞ¸,
Ğ‘ÑƒĞ¹Ñ…Ğ°Ğ»ÑŠĞ¸ Ğ¼Ğ¸Ñ†ÓÑ†ÓĞ¸;(Bujxal'i mic'c'i),
Haasqyaix,
ar brezhoneg;brezhoneg,
Ğ‘ÑƒĞ´Ğ°Ğ´ Ğ¼ĞµĞ· (budad mez),
á¨…á¨” á¨•á¨˜á¨á¨— (basa ugi),
áŠá“á‘á’á‡ (buhid),
Buhutu,
Ğ±ÑŠĞ»Ğ³Ğ°Ñ€ÑĞºĞ¸Â (bÃ£lgarski);Ğ±ÑŠĞ»Ğ³Ğ°Ñ€ÑĞºĞ¸ ĞµĞ·Ğ¸ĞºÂ (bÃ£lgarski ezik),
Yugambeh-Bundjalung,
á€—á€™á€¬á€…á€€á€¬á€¸ (bama saka),
(burÅ«ÌÅ¡askÄ«)Â Ø¨Ø±ÙˆØ´Ø³Ú©ÛŒ,
Ğ±ÑƒÑ€ÑĞ°Ğ´ Ñ…ÑĞ»ÑĞ½ (burÇad hÃªlÃªn),
BisÃ£,
Shibushi;Kibushi,
à½¢à¾«à½¼à½„à¼‹à½Â (dzongkha),
á‘á‘Šá˜á—•á‘‹á—¸ (Dulkwâ€™ahke),
catalÃ ,
GoyogoÌ±hÃ³:nÇ«â€™,
Sinugboanon;Sugboanon,
(JaÄŸatÄy)Â Ø¬ØºØªØ§ÛŒ,
á‰¸áˆƒ,
chamoru,
ĞĞ¾Ñ…Ñ‡Ğ¸Ğ¹Ğ½ Ğ¼Ğ¾Ñ‚Ñ‚ (Noxchiin mott),
á£á³á© (tsalagi),
TsÄ—hesenÄ—stsestotse;Tsisinstsistots,
ChicheÅµa,
Chikasha,
ä¸­æ–‡ (zhÅngwÃ©n),
å»£æ±è©±Â [å¹¿ä¸œè¯] (gwÃ³ngdÅngwÃ¡);ç²µèªÂ [ç²¤è¯­] (yuetyuh),
Ñ…ÑƒÑĞ¹Ğ·Ñ Ğ¹Ò¯ÑĞ½;ä¸œå¹²è¯­ (dÅnggÄnyÇ”),
èµ£è¯­ (gÃ nyÅ­);æ±Ÿè¥¿è¯ (jiÄngxÄ« huÃ ),
å®¢å®¶è©± [å®¢å®¶è¯] (hak7ga1fa5Â / hak7ga1wa3);å®¢è©± [å®¢è¯] (hak7fa5Â / hak7wa3);åœŸå»£æ±è©± [åœŸå¹¿ä¸œè¯] (tu3gong3dung1wa3);ğ Šè©± [ğ Šè¯] (ngai2wa3),
æ™®é€šè©±Â [æ™®é€šè¯] (pÅ­tÅnghÃ¹a);åœ‹èªÂ [å›½è¯­] (gÃºoyÅ­);è¯èªÂ [åè¯­] (hÃºayÅ­),
ä¸Šæµ·é—²è¯ (Zanhe-Ã«wo),
å°èª (dai5-ngi2);å°ç£è©± (dai5-uan5-ue7),
æ½®å·è©± (Diojiu Ue),
æ¹˜è¯­ (xiÄngyÅ­);æ¹–å—è¯ (hÃºnÃ¡nhuÃ ),
DÃ«ne SÅ³Å‚inÃ©;á‘Œá“€á“²á’¢á•„á“€,
Chahta Anumpa,
numuÂ tekwapu,
Kernewek;Kernowek;Kernuak;Curnoack,
corsu,
á“€á¦áƒá”­ááá£ (NÄ“hiyawÄ“win);á“€á¦áƒá”­á¤ (NÄ“hiyaw),
Maskoki;MvskokÄ“ empunakv,
Hrvatski,
ÄeÅ¡tina;ÄeskÃ½ jazyk,
DakÈŸÃ³tiyapi - Yankton Dakota;DakhÃ³tiyapi - Santee Dakota,
adangbÉ›,
dansk,
Ğ´Ğ°Ñ€Ğ³Ğ°Ğ½ Ğ¼ĞµĞ· (dargan mez),
(dari)Â Ø¯Ø±Ù‰,
ThuÉ”Å‹jÃ¤Å‹,
Ñ…ÑƒÑĞ¹Ğ·Ñ Ğ¹Ò¯ÑĞ½ (xuejzu jyjan);Ğ»Ğ¾Ñ…ÑƒÑĞ¹ (lohuÃªÄ­),
Nederlands,
à½¢à¾«à½¼à½„à¼‹à½Â (dzongkha),
Ã†nglisc,
ÑÑ€Ğ·ÑĞ½ÑŒ ĞºĞµĞ»ÑŒÂ (erzjaÅ† keÄ¼),
eesti keel,
Esperanto,
EÊ‹egbe,
IÂ·yaÂ·q,
FÃ¸royskt,
Vakaviti,
suomi;suomen kieli,
Vlaams,
fÉ”ngbÃ¨,
franÃ§ais,
Noordfreesk (Wiedingharde);Nordfrasch (Mooring/BÃ¶Ã¶kingharde);Nordfriisk (Sylt);Nuurdfresk (FÃ¶hr);Nuurdfriisk (Helgoland),
Frysk,
furlan;marilenghe,
fulfulde,
GÃ£,
Galego,
LÃ¹GÃ¡Ã nda,
áŒá‹•á‹ (gÉ™Ê¿É™z),
zeneize;zeneisei,
áƒ¥áƒáƒ áƒ—áƒ£áƒšáƒ˜ (kÊ»artÊ»uli);áƒ¥áƒáƒ áƒ—áƒ£áƒšáƒ˜ áƒ”áƒœáƒ (kÊ»artÊ»uli ena),
Deutsch,
Ğ“ÑŠĞ¸Ğ±Ğ´Ğ¸Ğ»Ó€Ğ¸ Ğ¼Ğ¸Ñ†Ñ†Ğ¸,
Guniandi,
ÎµÎ»Î»Î·Î½Î¹ÎºÎ¬Â (ellÄ“nikÃ¡),
Kalaallisut;Kalaallit oqaasii,
DgÃ¨rnÃ©siais,
AvaÃ±e'áº½,
àª—à«àªœàª°àª¾àª¤à«€ (gujarÄtÄ«),
Gwich'in,
Xaat KÃ­l,
KreyÃ²l ayisyen,
HÃ¤Å‚ goÅ‚an,
áˆƒáˆ«áˆª,
(á¸¥awsa)Â Ø­ÙÙˆÙ’Ø³Ù,
Ê»Ålelo HawaiÊ»i,
(ivrit)Â ×¢×‘×¨×™×ª;×¢Ö´×‘Ö°×¨Ö´×™×ª,
Otjiherero,
à¤¹à¤¿à¤¨à¥à¤¦à¥€ (hindÄ«),
magyar;magyar nyelv,
Ãslenska,
igbo,
ilokano,
Bahasa Indonesia,
Ğ³Ó€Ğ°Ğ»Ğ³Ó€Ğ°Ğ¹ Ğ¼Ğ¾Ñ‚Ñ‚;Ä¡alÄ¡ay mott,
áƒá“„á’ƒá‘á‘á‘¦ (inuktitut),
Inupiatun,
GaeilgeÂ (na hÃ‰ireann);An Ghaeilge,
italiano,
æ—¥æœ¬èªÂ (nihongo),
baá¹£a Jawa,
JÃ¨rriais,
ĞºÑŠÑĞ±ÑÑ€Ğ´ĞµĞ¸Ğ±Ğ·Ñ (á¸³ÃªbÃªrdeibzÃª),
Taqbaylit;Ø«Ø§Ù‚Ø¨Ø§ÙŠÙ„ÙŠØ«,
Boros Kadazandusun;Boos Kadazandusun,
kanhgÃ¡g,
à²•à²¨à³à²¨à²¡ (kannaá¸a),
kanuri,
Kapampangan,
Ò›Ğ°Ñ€Ğ°Ò›Ğ°Ğ»Ğ¿Ğ°Ò› Ñ‚Ğ¸Ğ»Ğ¸ (á¸³araá¸³alpaá¸³ tili),
Karjalan kieli,
à¤•à¥‰à¤¶à¥à¤°;ÙƒÙ²Ø´ÙØ±,
kaszÃ«bsczi jÃ£zÃ«k,
ÒšĞ°Ğ·Ğ°Ò› Ñ‚Ñ–Ğ»Ñ–;Qazaq tili;Ù‚Ø§Ø²Ø§Ù‚ Ù´ØªÙ‰Ù„Ù‰,
Ğ¥Ğ°ĞºĞ°Ñ Ñ‚Ñ–Ğ»Ñ–;Khakas tÃ®lÃ®,
á—á¶áŸá¶ááŸ’á˜áŸ‚áš (bhÄsÄ khmÉ›Ì„r),
Khoekhoegowab;Nama,
GÄ©kÅ©yÅ©,
Ikinyarwanda,
taetae ni Kiribati,
Ã­kiRÇ”ndi,
ĞºĞ¾Ğ¼Ğ¸ ĞºÑ‹Ğ² (komi kyv),
Kikongo,
à¤•à¥‹à¤‚à¤•à¤£à¥€ (kÅá¹…kaá¹‡Ä«);à²•à³Šà²‚à²•à²£à²¿ (koá¹…kaá¹‡i),
í•œêµ­ì–´Â [éŸ“åœ‹èª] (han-guk-eo),
ĞšÑŠÑƒĞ¼ÑƒĞºÑŠ Ñ‚Ğ¸Ğ» (Qumuq til),
KurdÃ­;Ú©ÙˆØ±Ø¯ÛŒÂ ;Ğºâ€™Ã¶Ñ€Ğ´Ğ¸,
Kainun kieli,
kuanyama,
(kyrgyz)Â Ù‚Ù‰Ø±Ø¹Ù‰Ø²;(kyrgyz tili)Â Ù‚Ù‰Ø±Ø¹Ù‰Ø² ØªÙ‰Ù„Ù‰,
Ladin,
(djudeo-espanyol)Â ×’'×•×“×™××•â€®â€“â€¬××™×¡×¤×× ×™×™,
à¨²à¨¹à¨¿à©°à¨¦à©€ (lhÄ©dÄ«),
LakÈŸÃ³tiyapi,
àºàº²àºªàº²àº¥àº²àº§ (phÃ¡asaa lÃ¡o),
Lingua Latina,
latvieÅ¡u valoda,
áƒšáƒáƒ–áƒ£áƒ áƒ˜ áƒœáƒ”áƒœáƒ;Lazuri nena,
Ğ»ĞµĞ·Ğ³Ğ¸ Ñ‡Ó€Ğ°Ğ» (lezgi ÄÊ¼al),
LÃ¨mburgs,
lingÃ¡la,
lietuviÅ³ kalba,
LÄ«vÃµ kÄ“Ä¼,
Lombard;Lumbaart,
PlattdÃ¼Ã¼tsch;NedderdÃ¼Ã¼tsch;Neddersassisch,
Dholuo,
LÃ«tzebuergesch,
É”l Maa,
Ğ¼Ğ°ĞºĞµĞ´Ğ¾Ğ½ÑĞºĞ¸ (Makedonski);Ğ¼Ğ°ĞºĞµĞ´Ğ¾Ğ½ÑĞºĞ¸ Ñ˜Ğ°Ğ·Ğ¸ĞºÂ (makedonski jazik),
Ş‹Ş¨ŞˆŞ¬Ş€Ş¨Â (dhivehi),
à¤®à¥ˆà¤¥à¤¿à¤²à¥€ (mÉ›tÊ°ilÄ«),
Fiteny Malagasy,
Bahasa melayu,
à´®à´²à´¯à´¾à´³à´‚Â (malayÄá¸·am),
Malti,
Mandingo;Ù„ØºØ© Ù…Ù†Ø¯Ù†ÙƒØ§,
à¦®à§ˆà¦‡à¦¤à§ˆà¦‡à¦²à§‹à¦¨,
ĞœĞ°Ğ½ÑŒÑĞ¸ (Man'si),
Gaelg/Gailck (Vanninagh);Yn Ghaelg;Y Ghailck,
te Reo MÄori,
à¤®à¤°à¤¾à¤ à¥€ (marÄá¹­hÄ«),
Ğ¼Ğ°Ñ€Ğ¸Ğ¹ Ğ¹Ñ‹Ğ»Ğ¼Ğµ (marij jÉ™lme),
Kajin MÌ§ajeÄ¼;Kajin MajÅl,
Mamaceqtaw,
lhÃ©ngua mirandesa,
Kanien'keha,
Ğ¼Ğ¾ĞºÑˆĞµĞ½ÑŒ ĞºÑĞ»ÑŒ (mokÅ¡eÅ† kjaÄ¼),
Ğ»Ğ¸Ğ¼Ğ±Ğ° Ğ¼Ğ¾Ğ»Ğ´Ğ¾Ğ²ĞµĞ½ÑÑĞºÑÂ (limba moldoveneascÄƒ),
ĞœĞ¾Ğ½Ğ³Ğ¾Ğ» (Mongol);ĞœĞ¾Ğ½Ğ³Ğ¾Ğ» Ñ…ÑĞ» (Mongol khel);á ®á £á ¨á ­á ­á £á ¯ á ¬á ¡á ¯á ¡ (MongÉ£ol kele),
Innu-Aimun,
nÄhuatl;nawatlahtolli,
á“‡á”…á‘²á± (naskapi);Innu Aimun,
EkakairÅ© Naoero,
DinÃ© Bizaad;DinÃ©k'ehjÃ­,
Occitan,
OshiWambo,
à¤¨à¥‡à¤ªà¤¾à¤²à¥€ (nÄ“pÄlÄ«),
à¤¨à¥‡à¤ªà¤¾à¤² à¤­à¤¾à¤·à¤¾ (nepÄl bÊ°Äá¹£Ä),
ko e vagahau NiuÄ“;faka-Niue,
Ğ½Ğ¾Ğ³Ğ°Ğ¹ Ñ‚Ğ¸Ğ»Ğ¸ (nogay tili),
Nyungaa-wangka,
Sesotho sa Leboa,
norsk,
kinyamwezi,
runyoro,
áŠá“‚á”‘á“‡á¯á’§áá£ (Anishinaabemowin);á…á’‹áºá’§áá“ (Ojibwemowin),
O'odham Ã±iok,
à¬“à¬¡à¬¼à¬¿à¬† (Åá¹›iyÄ),
Ğ¸Ñ€Ğ¾Ğ½ Ó•Ğ²Ğ·Ğ°Ğ³ (iron Ã¦vzag),
tekoi ra Belau,
à¤ªà¤¾à¤²à¤¿ (pÄli),
Papiamentu,
(paá¹§to)Â Ù¾ÚšØªÙˆ,
(fÄrsÄ«)Â ÙØ§Ø±Ø³Ù‰,
Piemonteis,
polski;jÄ™zyk polski;polszczyzna,
portuguÃªs,
à¨ªà©°à¨œà¨¾à¨¬à©€ /Â ïºïºïº ï»¨ï­˜Â (panjÄbi),
Qhichwa,
Raga,
rapanui;pepito ote henua,
MÄori KÅ«ki 'Ä€irani;reo ipukarea,
limbaÂ romÃ¢nÄƒ;romÃ¢n,
rumantsch,
à¤°à¥‹à¤®à¤¾à¤¨à¥‹ (romÄnÄ«),
Faeag Rotuma,
Ğ ÑƒÑÑĞºĞ¸Ğ¹ ÑĞ·Ñ‹ĞºÂ (Russkij jazyk),
Rusyn / Ğ ÑƒÑĞ¸Ğ½,
anarÃ¢Å¡kielÃ¢,
ĞšÓ£Ğ»Ğ»Ñ‚ ÑĞ°Ì„Ğ¼ÑŒ ĞºÓ£Ğ»Ğ»,
julevsÃ¡megiella,
davvisÃ¡megiella;sÃ¡megiellaa,
bidumsÃ¡megiella,
SÃ¤Ã¤ËŠmÇ©iÃµll;NuÃµrttsÃ¤Ã¤â€™m,
Ã…arjelsaemien gÃ¯ele,
Ğ¡Ğ°Ì„Ğ¼ÑŒ ĞºÓ£Ğ»Ğ»;saa'mekiill,
UbmejensÃ¡mien giella,
à¤¸à¤‚à¤¥à¤¾à¤²à¥€ (sÃ£tÊ°ÄlÄ«),
Gagana Samoa,
YÃ¢ngÃ¢ tÃ® SÃ¤ngÃ¶,
à¤¸à¤‚à¤¸à¥à¤•à¥ƒà¤¤à¤®à¥ (saá¹ƒská¹›tam);à¤¸à¤‚à¤¸à¥à¤•à¥ƒà¤¤à¤¾ à¤­à¤¾à¤·à¤¾ (saá¹ƒská¹›tÄ bhÄá¹£Ä),
Limba Sarda;sardu,
SÃ¨rtchais;Serquiaise,
Scoats leid;Lallans,
GÃ idhligÂ (na h-Alba);a' GhÃ idhlig,
ÑˆÓ§Ğ»ÑŒÓ„ÑƒĞ¼Ñ‹Ñ‚ Ó™Ñ‚Ñ‹ (Å¡Ã¶Ä¼Ç©umyt Çty),
ÑÑ€Ğ¿ÑĞºĞ¸ (srpski);ÑÑ€Ğ¿ÑĞºĞ¸ Ñ˜ĞµĞ·Ğ¸ĞºÂ (srpski jezik),
aÊ¼uwáº½ mreme,
Sawanwa,
chiShona,
Ğ¨Ğ¾Ñ€ Ñ‚Ğ¸Ğ»Ğ¸ (Å or tili),
sicilianu,
SidÃ¡mo 'AfÃ³,
Å›lÅ¯nsko godka;Å›lÅ¯nski,
(sindhÄ«)Â Ø³Ù†ÚŒÙŠ,
à·ƒà·’à¶‚à·„à¶½ (sÄ©hala),
áˆµáˆáŒ¥áŠ˜,
slovenÄina,
slovenÅ¡Äina,
af Soomaali,
soninkanxaane,
dolnoserbski,
hornjoserbsce,
seSotho,
á‘Œá“€ á’;Dene-thah;DenÃ© DhÃ¡h;Dene ZhatÄ±Ã©,
espaÃ±ol;castellano,
Basa Sunda,
áƒšáƒ£áƒ¨áƒœáƒ£ áƒœáƒ˜áƒœ (luÅ¡nu nin),
SchwÃ¤bisch,
Kiswahili,
siSwati,
svenska,
SchwyzerdÃ¼tsch,
ê ê ¤ê Ÿê ê ¤ / â€¢ à¦›à¦¿à¦²à¦Ÿà§€,
(Lishana Suryaya)Â Ü Ü«ÜµÜ¢ÜµÜ Ü£Ü˜ÜªÜÜÜ,
Ñ‚Ğ°Ğ±Ğ°ÑĞ°Ñ€Ğ°Ğ½ Ñ‡IĞ°Ğ» (tabasaran ÄÊ¼al),
Tagalog,
te reo tahiti;te reo MÄÊ¼ohi,
á¥–á¥­á¥°á¥–á¥¬á¥³á¥‘á¥¨á¥’á¥°,
Ñ‚Ğ¾Ò·Ğ¸ĞºĞ¸;toÃ§ikÄ«;ØªØ§Ø¬ÙŠÙƒÙŠ,
Tamahaq,
Tafaghist,
TamaziÉ£t,
à®¤à®®à®¿à®´à¯ (tamiá¸»),
Ñ‚Ğ°Ñ‚Ğ°Ñ€Ñ‡Ğ°;tatar tele;ØªØ§ØªØ§Ø±Ú†Ø§Â (tatarÃ§a),
à°¤à±†à°²à±à°—à± (telugu),
Tetun, Lia-Tetun,
à¸ à¸²à¸©à¸²à¹„à¸—à¸¢Â (paasaa-tai),
à½–à½¼à½‘à¼‹à½¦à¾à½‘à¼‹Â (pÃ¶-gay),
á‰µáŒáˆ¨ (tigre);á‰µáŒáˆ¬ (tigrÄ“);áŠ»áˆ³ (Xasa),
á‰µáŒáˆ­áŠ› (tÉ™gÉ™rÉ™Ã±a),
LingÃ­t,
Tok Pisin,
chiTonga,
Faka-Tonga;lea fakatonga,
Ñ†ĞµĞ· Ğ¼ĞµÑ† (cez mec),
xiTsonga,
Setswana,
chiTumbuka,
TÃ¼rkÃ§e,
Ñ‚Ò¯Ñ€ĞºmĞµĞ½Ñ‡Ğµ (tÃ¼rkmenÃ§e);Ñ‚Ò¯Ñ€ĞºĞ¼ĞµĞ½ Ğ´Ğ¸Ğ»Ğ¸Â (tÃ¼rkmen dili),
Sgaroorehâ€™;SkarÃ¹âˆ™rÄ™â€™,
Te 'gana TÅ«valu,
Ğ¢Ñ‹Ğ²Ğ° Ğ´Ñ‹Ğ»;Tyva dyl,
twi,
ÑƒĞ´Ğ¼ÑƒÑ€Ñ‚ ĞºÑ‹Ğ» (udmurt kyl),
Ğ£ĞºÑ€Ğ°Ñ—Ğ½ÑÑŒĞºĞ° (Ukrajins'ka);ÑƒĞºÑ€Ğ°Ñ—Ğ½ÑÑŒĞºĞ° Ğ¼Ğ¾Ğ²Ğ°Â (ukrayins'ka mova),
(urdÅ«)Â Ø§Ø±Ø¯Ùˆ,
Ø¦Û‡ÙŠØºÛ‡Ø±Ú†Û•Â / Ğ£Ğ¹Ò“ÑƒÑ€Ñ‡Ó™ / Uyghurche;Ø¦Û‡ÙŠØºÛ‡Ø± ØªÙ‰Ù„Ù‰Â / Ğ£Ğ¹Ò“ÑƒÑ€ Ñ‚Ğ¸Ğ»Ğ¸ / Uyghur tili,
Ø£Û‡Ø²Ø¨ÛÙƒ ïº—ï»´ï» ÛŒ o'zbek tili ÑĞ·Ğ±ĞµĞº Ñ‚Ğ¸Ğ»Ğ¸ (oâ€˜zbek tili),
tshiVená¸“a,
vÃ¨neto,
vepsÃ¤n kelâ€™,
tiáº¿ng viá»‡tÂ (ã—‚è¶Š),
vÃµro kiilÊ¼,
Vadjaa tÅ¡eeli,
walon,
WÃ¡ray-WÃ¡ray;Winaray;Lineyte-Samarnon,
Cymraeg;Y Gymraeg,
Wirraayjuurray;Wirraaydhuurray,
Wollof,
áŠƒáˆá‰³áŒ›,
isiXhosa,
NijyamÃ¯Ã¯ Nikyejaada,
ê†‡ê‰™,
(Yidish)Â ×²Ö´×“×™×©,
Indjibandi,
YolÅ‹u matha,
YorÃ¹bÃ¡,
Yup'ik/Ğ®Ğ¿Ğ¸Ğº;Ungazighmiistun (Central Siberian Yupik);Yup'igtun (Central Alaskan Yupik),
VaÆ…cueÅ‹Æ…;Vahcuengh,
isiZulu,
Shiwi'ma,